id,username,has_purchased,created,email
1,cbastable0,false,2022-02-09 08:03:18,eburnside0@howstuffworks.com
2,comulderrig1,false,2022-01-22 02:12:04,ideknevet1@cafepress.com
3,ogasnoll2,false,2022-03-25 03:03:25,mdiamond2@ocn.ne.jp
4,tbrayley3,true,2022-04-09 09:22:44,gjiggen3@businesswire.com
5,dshepeard4,true,2022-02-14 06:53:54,jwaind4@unesco.org
6,sdamsell5,false,2022-01-10 03:28:56,gsimonyi5@state.tx.us
7,kkondratenya6,false,2022-03-10 00:00:12,cpigny6@blinklist.com
8,ebrentnall7,true,2022-01-05 22:46:00,eholdron7@gov.uk
9,dosanne8,false,2022-01-10 12:01:37,jspikins8@networksolutions.com
10,ditzkovsky9,false,2022-02-27 12:34:10,echase9@dedecms.com
11,tmctiernana,false,2022-01-18 09:29:42,cjewitta@yolasite.com
12,ahutchcraftb,false,2022-02-27 14:38:02,pmatevosianb@disqus.com
13,dwiddisonc,true,2022-03-16 14:17:26,glalleyc@nymag.com
14,scondliffed,true,2022-03-25 03:39:02,gdoumicd@51.la
15,jchamberline,false,2022-03-18 12:11:50,fpaddicke@xing.com
16,jketleyf,true,2022-01-28 16:39:59,agilliesf@linkedin.com
17,bpobjayg,false,2022-04-02 07:32:01,kcromarg@t-online.de
18,mmullingerh,false,2022-04-14 05:54:14,ghazlehursth@hugedomains.com
19,eoxtoni,true,2022-03-03 21:13:21,cmaccurtaini@samsung.com
20,cauklandj,true,2022-02-22 09:22:25,jwardlej@oracle.com
21,sstevensonk,true,2022-01-01 09:36:02,follcottk@smh.com.au
22,jhubblel,false,2022-02-17 02:12:53,ctimberlakel@gov.uk
23,gscandredm,false,2022-03-09 23:55:03,cstroudm@nps.gov
24,fwallegen,true,2022-01-11 14:49:48,deidlern@mapquest.com
25,gboltero,true,2022-04-08 19:10:04,adrakardo@google.com.au
26,qlingnerp,true,2022-03-31 16:08:36,vchaterp@homestead.com
27,hjedrychowskiq,false,2022-04-04 17:01:26,gswatradgeq@zdnet.com
28,arobiotr,true,2022-02-15 04:07:03,bacremanr@meetup.com
29,fszymanskis,false,2022-02-20 10:09:36,bberranes@icq.com
30,rcronet,false,2022-03-24 07:29:33,cdanelst@blinklist.com
31,yharboru,false,2022-03-25 19:21:10,ypetticrowu@reuters.com
32,fjentinv,false,2022-01-24 07:04:36,lcontiv@nba.com
33,hsellarw,true,2022-03-11 13:14:51,gfrancescottiw@blinklist.com
34,omcbrydex,false,2022-03-21 17:44:41,kskevingtonx@stumbleupon.com
35,bbrugmanny,false,2022-04-06 11:19:49,gnewburyy@samsung.com
36,lcargonz,false,2022-02-21 13:41:56,rsafhillz@amazon.de
37,acluer10,false,2022-04-03 02:31:14,ljoselevitch10@yelp.com
38,gpedersen11,true,2022-02-27 23:07:11,erocca11@istockphoto.com
39,xdulanty12,false,2022-02-08 11:05:34,satwel12@theglobeandmail.com
40,socodihie13,false,2022-03-25 10:59:39,mwaistall13@ucoz.ru
41,todonohue14,false,2022-03-11 05:59:52,wpetrusch14@exblog.jp
42,tvenables15,true,2022-04-15 19:28:56,niacobacci15@de.vu
43,hwinders16,true,2022-02-20 15:45:24,nspeedy16@buzzfeed.com
44,bsmallridge17,false,2022-02-24 19:53:33,pchristou17@quantcast.com
45,fpilch18,true,2022-02-12 20:53:14,dgurnay18@sciencedaily.com
46,pfulun19,true,2022-02-10 16:31:05,bfriskey19@theglobeandmail.com
47,rocullen1a,false,2022-04-04 18:56:26,lantowski1a@techcrunch.com
48,treyson1b,true,2022-03-28 05:00:50,akroch1b@ebay.co.uk
49,ojaffra1c,true,2022-03-16 08:51:12,wmaclaverty1c@dot.gov
50,hpaff1d,false,2022-04-13 23:43:05,lrosensaft1d@chicagotribune.com
51,akilban1e,false,2022-03-27 15:30:21,dmuskett1e@addthis.com
52,efordham1f,false,2022-04-11 02:17:54,spickavance1f@amazon.co.jp
53,hborchardt1g,false,2022-03-10 10:10:55,dgillatt1g@berkeley.edu
54,nbruins1h,true,2022-03-05 10:58:15,ebeentjes1h@gnu.org
55,cbarringer1i,false,2022-02-20 18:11:48,vspensly1i@gov.uk
56,celdredge1j,false,2022-02-24 17:07:47,mpownall1j@clickbank.net
57,ijanaszkiewicz1k,false,2022-02-21 06:02:29,gdusting1k@bloglovin.com
58,jsexty1l,false,2022-01-03 20:07:53,amcinnery1l@sogou.com
59,ehallows1m,true,2022-03-26 22:50:14,kwhittle1m@statcounter.com
60,lblose1n,false,2022-03-09 01:24:55,eshenton1n@netscape.com
61,sfeechan1o,true,2022-03-25 18:41:52,dpackwood1o@kickstarter.com
62,nhauxley1p,true,2022-01-16 11:35:40,mhardwich1p@telegraph.co.uk
63,qchadwen1q,false,2022-03-03 16:37:06,abraunfeld1q@eepurl.com
64,tdumbell1r,true,2022-01-05 14:30:54,dwortley1r@illinois.edu
65,acreffield1s,false,2022-03-21 19:13:45,lbartod1s@mediafire.com
66,dscandrick1t,true,2022-01-14 20:48:04,cbacchus1t@xrea.com
67,breese1u,true,2022-04-14 01:49:41,vestick1u@nba.com
68,isessions1v,false,2022-03-19 12:27:27,abovaird1v@privacy.gov.au
69,jchater1w,false,2022-04-06 09:47:15,jmathewes1w@pagesperso-orange.fr
70,mberringer1x,false,2022-01-28 19:21:08,wkittle1x@smugmug.com
71,mcroke1y,false,2022-04-07 06:20:27,kstrudwick1y@goodreads.com
72,nworstall1z,false,2022-03-03 16:56:14,fclissett1z@globo.com
73,jrawsen20,false,2022-02-04 06:59:15,welderkin20@delicious.com
74,hlong21,false,2022-03-13 13:35:49,jfellgate21@npr.org
75,elewisham22,true,2022-01-24 02:40:22,rphibb22@jigsy.com
76,casher23,true,2022-04-13 21:42:04,pmaton23@livejournal.com
77,tglossop24,false,2022-03-26 01:07:44,mkelberman24@infoseek.co.jp
78,awitherspoon25,false,2022-01-05 21:24:33,eripsher25@hexun.com
79,tmackellen26,true,2022-04-12 02:54:57,ttwentyman26@mashable.com
80,slepick27,false,2022-03-15 08:03:36,swyon27@comcast.net
81,fmclardie28,false,2022-01-06 11:55:25,tfairhead28@mozilla.com
82,emoppett29,true,2022-03-25 23:13:52,sambrosio29@wix.com
83,ddubois2a,false,2022-04-02 08:58:35,jsine2a@wikia.com
84,akybbye2b,true,2022-01-10 08:28:57,djiran2b@google.es
85,hflynn2c,false,2022-03-03 10:58:13,kpashba2c@npr.org
86,tverdey2d,true,2022-02-17 05:44:32,lbatch2d@un.org
87,lbriddock2e,true,2022-04-19 06:33:35,rsurgener2e@gnu.org
88,bescale2f,true,2022-01-05 01:40:25,bapplewhite2f@pcworld.com
89,nkimbell2g,true,2022-01-29 04:06:30,vlorand2g@behance.net
90,ccourtliff2h,true,2022-01-16 20:33:35,mcharlin2h@epa.gov
91,bjestico2i,false,2022-01-10 16:27:29,vsuthren2i@nhs.uk
92,sslemmonds2j,true,2022-03-22 16:08:49,dblacklawe2j@vinaora.com
93,rdevo2k,true,2022-01-26 22:30:57,khordell2k@bigcartel.com
94,lbimrose2l,false,2022-04-07 06:24:53,lkitchenman2l@soundcloud.com
95,cfulham2m,false,2022-02-05 01:46:03,pvanhaeften2m@google.co.uk
96,tvonsalzberg2n,true,2022-03-30 05:19:05,jpeirce2n@pagesperso-orange.fr
97,eclamp2o,false,2022-03-31 07:20:04,rdanieli2o@slate.com
98,dbarta2p,false,2022-01-02 03:11:15,miacavone2p@ocn.ne.jp
99,omccree2q,true,2022-03-01 12:38:22,ctrippitt2q@tripadvisor.com
100,jburet2r,false,2022-01-27 04:38:15,mvuittet2r@rediff.com
101,jambresin2s,false,2022-01-21 17:25:58,wdunrige2s@uol.com.br
102,mschelle2t,false,2022-04-07 14:07:32,etellett2t@skype.com
103,amanvelle2u,false,2022-03-26 00:18:44,aelwyn2u@wordpress.org
104,sborland2v,true,2022-02-17 07:09:19,mbudnk2v@sciencedirect.com
105,lswatten2w,false,2022-03-09 22:32:28,kbuckler2w@tumblr.com
106,mcouser2x,false,2022-03-21 05:12:24,schadwick2x@issuu.com
107,aoldale2y,true,2022-01-16 18:46:34,ujewkes2y@cocolog-nifty.com
108,bmattea2z,false,2022-03-28 03:26:55,abriers2z@usgs.gov
109,jceely30,false,2022-04-19 06:13:59,upresshaugh30@irs.gov
110,mstopher31,false,2022-03-24 07:15:16,jmcinnes31@linkedin.com
111,gmcilwreath32,false,2022-04-11 06:22:23,mharrhy32@ebay.com
112,tgon33,false,2022-01-24 04:17:36,cstowell33@blinklist.com
113,lmawman34,true,2022-03-11 06:37:22,ktrinder34@ask.com
114,cadlem35,true,2022-02-14 09:28:29,gmccard35@yahoo.co.jp
115,mhodinton36,true,2022-01-16 15:51:03,wstockall36@cbc.ca
116,pnutbeem37,false,2022-02-03 02:34:37,mpenniell37@cam.ac.uk
117,kbrinklow38,true,2022-04-13 17:37:48,kdepper38@ocn.ne.jp
118,koselton39,true,2022-03-10 15:25:19,wobray39@photobucket.com
119,lslad3a,true,2022-02-15 00:43:23,dpree3a@newyorker.com
120,btowse3b,false,2022-04-04 06:32:03,jprys3b@addtoany.com
121,nfrantzen3c,false,2022-04-08 10:05:45,ckonerding3c@netlog.com
122,hchadwin3d,true,2022-03-26 06:19:03,glocard3d@homestead.com
123,cdudderidge3e,true,2022-02-01 11:34:50,ffey3e@hp.com
124,lwhitwood3f,false,2022-01-01 06:45:20,cjickles3f@blogspot.com
125,dlooks3g,true,2022-03-26 16:55:39,gmacphaden3g@angelfire.com
126,hlindner3h,false,2022-03-27 20:27:52,elicari3h@answers.com
127,aesposita3i,false,2022-04-08 17:44:56,hspincke3i@stumbleupon.com
128,jmuspratt3j,true,2022-01-01 18:04:06,kwickling3j@homestead.com
129,aellens3k,false,2022-04-03 08:49:52,hgridley3k@usda.gov
130,bvergo3l,true,2022-02-27 02:30:50,rlaxon3l@google.com.br
131,hnesbeth3m,true,2022-01-29 00:32:50,apurnell3m@sitemeter.com
132,vclemmensen3n,true,2022-04-18 07:46:55,kmatthews3n@sun.com
133,dbockett3o,false,2022-02-03 21:45:11,vmcnamara3o@purevolume.com
134,asehorsch3p,false,2022-02-02 18:10:28,nbazoge3p@delicious.com
135,abeesey3q,false,2022-03-20 10:55:09,ialvaro3q@addthis.com
136,sstangel3r,true,2022-03-12 17:53:30,tcristoforo3r@ning.com
137,gkhristoforov3s,false,2022-01-24 10:10:50,cblaxill3s@meetup.com
138,jaldis3t,true,2022-03-25 15:07:25,kbootherstone3t@moonfruit.com
139,tpedican3u,true,2022-03-11 06:52:09,dlockhead3u@wp.com
140,carmistead3v,false,2022-03-16 04:05:40,tbidewell3v@columbia.edu
141,cperillo3w,true,2022-02-07 08:17:46,dmoakson3w@businessweek.com
142,npatershall3x,false,2022-03-28 18:46:26,egori3x@hubpages.com
143,pascough3y,false,2022-02-22 03:29:42,nralph3y@hc360.com
144,emerrgen3z,false,2022-02-06 01:10:06,btollerton3z@feedburner.com
145,hroome40,true,2022-01-24 08:00:24,lforkan40@un.org
146,ajochens41,false,2022-01-17 19:03:22,bwalters41@ed.gov
147,ecobby42,false,2022-01-27 20:19:00,hwinnister42@technorati.com
148,ltrelevan43,true,2022-03-27 10:17:13,sgiacubo43@nifty.com
149,gormiston44,true,2022-01-01 01:35:00,rgoldsmith44@huffingtonpost.com
150,ldoody45,false,2022-01-26 12:25:24,anequest45@a8.net
151,pbrazer46,true,2022-02-01 08:31:31,tpilipyak46@a8.net
152,carno47,true,2022-01-17 13:51:39,gkluger47@barnesandnoble.com
153,smieville48,false,2022-02-12 16:00:05,acason48@reddit.com
154,jelger49,true,2022-03-29 08:24:58,jcracoe49@buzzfeed.com
155,adoctor4a,true,2022-03-24 14:31:24,lseldner4a@upenn.edu
156,fkenion4b,false,2022-02-17 04:30:09,syurkevich4b@bloglovin.com
157,mkeast4c,false,2022-01-22 19:42:02,kmorrison4c@paginegialle.it
158,kluca4d,true,2022-01-25 13:59:53,kitshak4d@timesonline.co.uk
159,cposchel4e,false,2022-04-06 05:28:30,amathon4e@guardian.co.uk
160,pstanfield4f,true,2022-01-09 00:57:19,fkeyzman4f@apache.org
161,sjohnsson4g,false,2022-02-08 19:10:51,jpaulou4g@merriam-webster.com
162,ibottomer4h,true,2022-02-03 00:32:54,wshakespear4h@purevolume.com
163,hpetrushkevich4i,true,2022-03-18 17:42:38,elawson4i@wikia.com
164,lheatley4j,true,2022-02-21 02:56:33,aomullan4j@tinyurl.com
165,rdayley4k,false,2022-01-15 10:46:56,vmidner4k@japanpost.jp
166,rmccleary4l,false,2022-02-23 14:13:57,dbyatt4l@pinterest.com
167,msalzberger4m,false,2022-02-10 18:30:37,efawltey4m@addtoany.com
168,elarratt4n,false,2022-02-19 00:25:50,kwaters4n@cnn.com
169,amooney4o,true,2022-02-24 01:50:25,etrim4o@wiley.com
170,spendreigh4p,false,2022-03-02 05:40:54,rsaundercock4p@msn.com
171,jkubiak4q,true,2022-03-13 06:51:13,croels4q@devhub.com
172,equincey4r,true,2022-01-30 17:36:56,fwildbore4r@toplist.cz
173,hspring4s,true,2022-04-05 10:37:26,jansty4s@soundcloud.com
174,mstanding4t,true,2022-01-31 05:31:15,mfortescue4t@prlog.org
175,hgallehock4u,false,2022-02-11 06:08:41,vhoulston4u@berkeley.edu
176,clindgren4v,true,2022-01-30 11:30:20,bharfoot4v@edublogs.org
177,hthal4w,true,2022-01-23 23:50:28,mjosowitz4w@seesaa.net
178,lmonteith4x,true,2022-03-22 17:36:23,aemblem4x@symantec.com
179,wgascoigne4y,true,2022-01-28 06:02:20,awraxall4y@usatoday.com
180,ukiddle4z,true,2022-02-08 01:29:22,gpestor4z@narod.ru
181,rmarvin50,false,2022-02-09 13:05:32,igerger50@bloglovin.com
182,jtracey51,false,2022-01-05 17:30:26,dlarvin51@yellowbook.com
183,tfairpo52,true,2022-01-26 11:00:03,zzannuto52@oakley.com
184,mbettison53,true,2022-03-24 20:13:02,scastro53@blogger.com
185,aaindriu54,false,2022-03-08 21:27:12,bbindon54@t.co
186,lbingham55,false,2022-02-22 21:35:13,mcassimer55@hp.com
187,rturley56,false,2022-01-14 10:05:32,acuddon56@simplemachines.org
188,rtestro57,true,2022-01-29 03:37:26,rshew57@infoseek.co.jp
189,mclay58,true,2022-01-06 23:45:32,fhuortic58@quantcast.com
190,tlaverock59,false,2022-02-05 22:59:15,rmeys59@about.me
191,htims5a,false,2022-02-01 23:09:00,dbrisker5a@about.com
192,lmallen5b,true,2022-01-12 22:47:49,nceland5b@biblegateway.com
193,bnoah5c,true,2022-02-18 05:35:21,rpetras5c@house.gov
194,gcricket5d,true,2022-01-21 04:11:53,ghuntingford5d@infoseek.co.jp
195,smccrorie5e,true,2022-01-24 21:19:52,ejedrzejczak5e@tumblr.com
196,mpeoples5f,false,2022-04-06 00:11:54,pdrysdale5f@ebay.co.uk
197,chunstone5g,true,2022-01-03 09:05:19,adanilowicz5g@auda.org.au
198,tfoxen5h,true,2022-01-30 21:15:48,whawkslee5h@vistaprint.com
199,ptatershall5i,false,2022-04-02 13:24:59,ddavidov5i@google.co.uk
200,msatyford5j,true,2022-03-03 07:36:08,gagiolfinger5j@cbslocal.com
